"","Cluster","group","ID","Description","GeneRatio","BgRatio","RichFactor","FoldEnrichment","zScore","pvalue","p.adjust","qvalue","geneID","Count"
"1","AM14 MRLlpr","AM14 MRLlpr","GO:0003924","GTPase activity","19/267","308/28409",0.0616883116883117,6.56368257210954,9.56258471803342,1.28701203268132e-10,6.94986497647915e-08,5.54092548807012e-08,"67951/67844/24050/14696/55932/14469/76074/229900/620913/60440/11852/100503545/381812/225594/54396/240327/21822/100702/626578",19
"2","AM14 MRLlpr","AM14 MRLlpr","GO:0140375","immune receptor activity","13/267","141/28409",0.0921985815602837,9.80999814062209,10.2149515886409,9.04907611905384e-10,2.44325055214454e-07,1.94793270141738e-07,"14586/64095/12902/27007/14762/12771/59289/12767/14127/246256/12982/23832/232801",13
"3","AM14 MRLlpr","AM14 MRLlpr","GO:0005525","GTP binding","17/267","364/28409",0.0467032967032967,4.96926575297362,7.42389169889548,7.6127934052025e-08,1.37030281293645e-05,1.09250263253608e-05,"67951/67844/24050/55932/14469/76074/229900/80885/74558/60440/11852/100503545/381812/54396/21822/100702/626578",17
"4","AM14 MRLlpr","AM14 MRLlpr","GO:0019001","guanyl nucleotide binding","17/267","389/28409",0.0437017994858612,4.64990420072596,7.06025979209091,1.95864896040545e-07,2.11534087723789e-05,1.68649984169648e-05,"67951/67844/24050/55932/14469/76074/229900/80885/74558/60440/11852/100503545/381812/54396/21822/100702/626578",17
"5","AM14 MRLlpr","AM14 MRLlpr","GO:0032561","guanyl ribonucleotide binding","17/267","389/28409",0.0437017994858612,4.64990420072596,7.06025979209091,1.95864896040545e-07,2.11534087723789e-05,1.68649984169648e-05,"67951/67844/24050/55932/14469/76074/229900/80885/74558/60440/11852/100503545/381812/54396/21822/100702/626578",17
"6","AM14 MRLlpr","AM14 MRLlpr","GO:0019955","cytokine binding","10/267","146/28409",0.0684931506849315,7.28772253860756,7.41923536586781,1.31069502357876e-06,0.000117962552122089,9.40481166041604e-05,"11482/12491/21934/14469/12771/59289/22695/12767/23832/16068",10
"7","AM14 MRLlpr","AM14 MRLlpr","GO:0061134","peptidase regulator activity","13/267","279/28409",0.046594982078853,4.95774099579826,6.4708761256632,2.7268564411203e-06,0.000163777998788138,0.000130575441528944,"20568/20716/14268/20732/13010/14469/20715/20708/20723/212937/238393/100034251/12268",13
"8","AM14 MRLlpr","AM14 MRLlpr","GO:0001637","G protein-coupled chemoattractant receptor activity","5/267","25/28409",0.2,21.2801498127341,9.88104427108463,3.21744561610798e-06,0.000163777998788138,0.000130575441528944,"64095/12771/59289/12767/23832",5
"9","AM14 MRLlpr","AM14 MRLlpr","GO:0004950","chemokine receptor activity","5/267","25/28409",0.2,21.2801498127341,9.88104427108463,3.21744561610798e-06,0.000163777998788138,0.000130575441528944,"64095/12771/59289/12767/23832",5
"10","AM14 MRLlpr","AM14 MRLlpr","GO:0019957","C-C chemokine binding","5/267","25/28409",0.2,21.2801498127341,9.88104427108463,3.21744561610798e-06,0.000163777998788138,0.000130575441528944,"12771/59289/22695/12767/23832",5
"11","AM14 MRLlpr","AM14 MRLlpr","GO:0004866","endopeptidase inhibitor activity","11/267","200/28409",0.055,5.85204119850187,6.70724411645261,3.33621849383244e-06,0.000163777998788138,0.000130575441528944,"20568/20716/20732/13010/14469/20715/20708/20723/238393/100034251/12268",11
"12","AM14 MRLlpr","AM14 MRLlpr","GO:0030246","carbohydrate binding","13/267","293/28409",0.0443686006825939,4.72085234753486,6.23588303072252,4.6514943349378e-06,0.000201922766913241,0.000160987157246619,"56620/212032/17533/27999/69810/27007/16633/93675/207839/73149/269799/503550/12268",13
"13","AM14 MRLlpr","AM14 MRLlpr","GO:0030414","peptidase inhibitor activity","11/267","208/28409",0.0528846153846154,5.62696269086718,6.52369865572668,4.86110364791137e-06,0.000201922766913241,0.000160987157246619,"20568/20716/20732/13010/14469/20715/20708/20723/238393/100034251/12268",11
"14","AM14 MRLlpr","AM14 MRLlpr","GO:0008009","chemokine activity","6/267","49/28409",0.122448979591837,13.0286631506535,8.20844269939057,6.4919891101017e-06,0.00025040529424678,0.000199640868122676,"20307/66102/20305/20303/17329/56066",6
"15","AM14 MRLlpr","AM14 MRLlpr","GO:0061135","endopeptidase regulator activity","11/267","224/28409",0.0491071428571429,5.22503678437667,6.183636684314,9.81718665261039e-06,0.000353418719493974,0.000281770480064397,"20568/20716/20732/13010/14469/20715/20708/20723/238393/100034251/12268",11
"16","AM14 MRLlpr","AM14 MRLlpr","GO:0019956","chemokine binding","5/267","35/28409",0.142857142857143,15.2001070090958,8.18773613185062,1.82058982542357e-05,0.000614449066080457,0.000489882393814633,"12771/59289/22695/12767/23832",5
"17","AM14 MRLlpr","AM14 MRLlpr","GO:0004867","serine-type endopeptidase inhibitor activity","8/267","131/28409",0.0610687022900763,6.49775566801041,6.1432079795635,3.50073101064029e-05,0.00111199690926221,0.000886562837988779,"20568/20716/20732/20715/20708/20723/238393/100034251",8
"18","AM14 MRLlpr","AM14 MRLlpr","GO:0004896","cytokine receptor activity","7/267","98/28409",0.0714285714285714,7.60005350454789,6.37501733704493,3.99827570446597e-05,0.00119948271133979,0.000956312726974608,"14586/64095/12771/59289/12767/12982/23832",7
"19","AM14 MRLlpr","AM14 MRLlpr","GO:0043394","proteoglycan binding","5/267","44/28409",0.113636363636364,12.0909942117807,7.17139929063181,5.68455411380392e-05,0.0016156101165548,0.001288079020801,"11816/18073/16956/14268/18782",5
"20","AM14 MRLlpr","AM14 MRLlpr","GO:0016493","C-C chemokine receptor activity","4/267","24/28409",0.166666666666667,17.7334581772784,7.98813425105672,6.99002562246947e-05,0.00188730691806676,0.0015046949892579,"12771/59289/12767/23832",4
"21","AM14 MRLlpr","AM14 MRLlpr","GO:0033550","MAP kinase tyrosine phosphatase activity","3/267","10/28409",0.3,31.9202247191011,9.52553986031787,9.38127288103046e-05,0.00232155480041005,0.00185090821319242,"19252/13537/70686",3
"22","AM14 MRLlpr","AM14 MRLlpr","GO:0001664","G protein-coupled receptor binding","12/267","338/28409",0.0355029585798817,3.77754138687587,5.00366733106897,9.4581862238928e-05,0.00232155480041005,0.00185090821319242,"20307/66102/20305/20303/238871/13618/17329/11535/11555/56066/15511/193740",12
"23","AM14 MRLlpr","AM14 MRLlpr","GO:0008330","protein tyrosine/threonine phosphatase activity","3/267","11/28409",0.272727272727273,29.0183861082737,9.05303213438083,0.000128096161481372,0.00300747509564961,0.0023977725421456,"19252/13537/70686",3
"24","AM14 MRLlpr","AM14 MRLlpr","GO:0042379","chemokine receptor binding","6/267","89/28409",0.0674157303370786,7.17308420653958,5.6813175066017,0.00019718564738282,0.00443667706611345,0.00353723376226199,"20307/66102/20305/20303/17329/56066",6
"25","AM14 MRLlpr","AM14 MRLlpr","GO:0017017","MAP kinase tyrosine/serine/threonine phosphatase activity","3/267","13/28409",0.230769230769231,24.5540190146932,8.27383002606206,0.000218960400246192,0.00454763908203629,0.00362570055468391,"19252/13537/70686",3
"26","AM14 MRLlpr","AM14 MRLlpr","GO:0030550","acetylcholine receptor inhibitor activity","3/267","13/28409",0.230769230769231,24.5540190146932,8.27383002606206,0.000218960400246192,0.00454763908203629,0.00362570055468391,"100041546/57248/17067",3
"27","AM14 MRLlpr","AM14 MRLlpr","GO:0004857","enzyme inhibitor activity","13/267","430/28409",0.0302325581395349,3.21676683215748,4.51166276099979,0.000238977193002505,0.0047795438600501,0.00381059149855846,"20568/20716/20732/13010/14469/12703/20715/20708/20723/12702/238393/100034251/12268",13
"28","AM14 MRLlpr","AM14 MRLlpr","GO:0005537","D-mannose binding","4/267","33/28409",0.121212121212121,12.8970604925661,6.66069478055752,0.000251875822788172,0.00485760515377188,0.0038728275007655,"56620/17533/73149/269799",4
"29","AM14 MRLlpr","AM14 MRLlpr","GO:0031625","ubiquitin protein ligase binding","11/267","329/28409",0.033434650455927,3.55747185319263,4.5447368417092,0.000308092772563736,0.00544402642842799,0.00434036415054005,"12709/381308/59126/72828/13654/18671/12767/16476/226695/15511/193740",11
"30","AM14 MRLlpr","AM14 MRLlpr","GO:0051019","mitogen-activated protein kinase binding","4/267","35/28409",0.114285714285714,12.1600856072766,6.43486954730093,0.000317576330563061,0.00544402642842799,0.00434036415054005,"19252/19271/13537/70686",4
"31","AM14 MRLlpr","AM14 MRLlpr","GO:0038187","pattern recognition receptor activity","5/267","63/28409",0.0793650793650794,8.4445038939421,5.7618059234576,0.000318192138367996,0.00544402642842799,0.00434036415054005,"12491/56620/69810/73149/269799",5
"32","AM14 MRLlpr","AM14 MRLlpr","GO:0061629","RNA polymerase II-specific DNA-binding transcription factor binding","12/267","387/28409",0.0310077519379845,3.29924803298203,4.43598657089445,0.000328846606639762,0.00544402642842799,0.00434036415054005,"19016/22259/20181/11622/15902/14281/79362/13654/16476/16478/15511/193740",12
"33","AM14 MRLlpr","AM14 MRLlpr","GO:0005126","cytokine receptor binding","11/267","332/28409",0.0331325301204819,3.5253260231939,4.50826696803314,0.000332690503959488,0.00544402642842799,0.00434036415054005,"20307/66102/20305/20303/216233/16175/17329/12703/12702/56066/171211",11
"34","AM14 MRLlpr","AM14 MRLlpr","GO:0005159","insulin-like growth factor receptor binding","3/267","17/28409",0.176470588235294,18.7766027759418,7.14124144125938,0.000506313578813265,0.00779153625716619,0.00621196555395901,"216233/16000/12703",3
"35","AM14 MRLlpr","AM14 MRLlpr","GO:0044389","ubiquitin-like protein ligase binding","11/267","350/28409",0.0314285714285714,3.34402354200107,4.29792049842748,0.000517646584180471,0.00779153625716619,0.00621196555395901,"12709/381308/59126/72828/13654/18671/12767/16476/226695/15511/193740",11
"36","AM14 MRLlpr","AM14 MRLlpr","GO:0001540","amyloid-beta binding","5/267","70/28409",0.0714285714285714,7.60005350454789,5.38521065777865,0.000519435750477746,0.00779153625716619,0.00621196555395901,"12491/11816/64294/13010/11555",5
"37","AM14 MRLlpr","AM14 MRLlpr","GO:0046943","carboxylic acid transmembrane transporter activity","8/267","196/28409",0.0408163265306122,4.34288771688451,4.57428976014193,0.000561110730841565,0.00818918363930933,0.00652899826213941,"20540/12491/20512/76408/50934/101488/66859/18671",8
"38","AM14 MRLlpr","AM14 MRLlpr","GO:0005342","organic acid transmembrane transporter activity","8/267","197/28409",0.0406091370558376,4.32084260157037,4.55578214566706,0.00058019699057372,0.00824490460288971,0.00657342296799589,"20540/12491/20512/76408/50934/101488/66859/18671",8
"39","AM14 MRLlpr","AM14 MRLlpr","GO:0033549","MAP kinase phosphatase activity","3/267","18/28409",0.166666666666667,17.7334581772784,6.91719615301909,0.000603367654555829,0.00835432137077302,0.00666065777903736,"19252/13537/70686",3
"40","AM14 MRLlpr","AM14 MRLlpr","GO:0031072","heat shock protein binding","7/267","155/28409",0.0451612903225806,4.80519511900447,4.62701908303004,0.000683352598470768,0.00922526007935537,0.00735503191511958,"16706/11622/14469/22695/73582/15511/193740",7
"41","AM14 MRLlpr","AM14 MRLlpr","GO:0005319","lipid transporter activity","7/267","175/28409",0.04,4.25602996254682,4.2084259784472,0.00138643061453041,0.0182603056547908,0.0145584113310126,"12491/11816/76408/101488/22038/216892/18671",7
"42","AM14 MRLlpr","AM14 MRLlpr","GO:0033130","acetylcholine receptor binding","3/267","24/28409",0.125,13.3000936329588,5.87175694346663,0.00143555074621368,0.0184570810227473,0.0147152946165763,"100041546/57248/17067",3
"43","AM14 MRLlpr","AM14 MRLlpr","GO:0008201","heparin binding","7/267","179/28409",0.0391061452513966,4.1609231477413,4.13222056036717,0.00157797329290178,0.0190179053840613,0.0151624235908013,"11816/20307/16956/58859/14268/18782/56066",7
"44","AM14 MRLlpr","AM14 MRLlpr","GO:0000979","RNA polymerase II core promoter sequence-specific DNA binding","3/267","25/28409",0.12,12.7680898876404,5.73373561041767,0.00162004379197559,0.0190179053840613,0.0151624235908013,"19016/14281/13653",3
"45","AM14 MRLlpr","AM14 MRLlpr","GO:0005044","scavenger receptor activity","3/267","25/28409",0.12,12.7680898876404,5.73373561041767,0.00162004379197559,0.0190179053840613,0.0151624235908013,"12491/66102/59289",3
"46","AM14 MRLlpr","AM14 MRLlpr","GO:0043395","heparan sulfate proteoglycan binding","3/267","25/28409",0.12,12.7680898876404,5.73373561041767,0.00162004379197559,0.0190179053840613,0.0151624235908013,"11816/16956/18782",3
"47","AM14 MRLlpr","AM14 MRLlpr","GO:0048029","monosaccharide binding","5/267","91/28409",0.0549450549450549,5.84619500349837,4.51012702746406,0.00170156114549132,0.0195498514588365,0.0155865287459339,"56620/212032/17533/73149/269799",5
"48","AM14 MRLlpr","AM14 MRLlpr","GO:0030548","acetylcholine receptor regulator activity","3/267","26/28409",0.115384615384615,12.2770095073466,5.603378416441,0.00181871452375746,0.0204605383922715,0.0163125929872106,"100041546/57248/17067",3
"49","AM14 MRLlpr","AM14 MRLlpr","GO:0008138","protein tyrosine/serine/threonine phosphatase activity","3/267","27/28409",0.111111111111111,11.8223054515189,5.47997595138667,0.00203193925332173,0.0215146509175242,0.0171530062870709,"19252/13537/70686",3
"50","AM14 MRLlpr","AM14 MRLlpr","GO:0070412","R-SMAD binding","3/267","27/28409",0.111111111111111,11.8223054515189,5.47997595138667,0.00203193925332173,0.0215146509175242,0.0171530062870709,"19016/14281/16476",3
"51","AM14 MRLlpr","AM14 MRLlpr","GO:0099602","neurotransmitter receptor regulator activity","3/267","27/28409",0.111111111111111,11.8223054515189,5.47997595138667,0.00203193925332173,0.0215146509175242,0.0171530062870709,"100041546/57248/17067",3
"52","AM14 MRLlpr","AM14 MRLlpr","GO:0042578","phosphoric ester hydrolase activity","10/267","355/28409",0.028169014084507,2.99720419897663,3.68839760743294,0.00207383253313394,0.0215359532286986,0.0171699900010482,"16818/238871/19252/19271/16329/13537/269823/70686/58994/72828",10
"53","AM14 MRLlpr","AM14 MRLlpr","GO:0004725","protein tyrosine phosphatase activity","5/267","96/28409",0.0520833333333333,5.5417056803995,4.34170328255906,0.00215336377803727,0.0219399328328326,0.0174920712059036,"19252/19271/13537/70686/72828",5
"54","AM14 MRLlpr","AM14 MRLlpr","GO:0002020","protease binding","7/267","191/28409",0.0366492146596859,3.89950389238583,3.91629813788883,0.00227821225020537,0.0227241892134439,0.0181173360395683,"229595/14268/13010/20708/20723/15511/193740",7
"55","AM14 MRLlpr","AM14 MRLlpr","GO:0004879","nuclear receptor activity","4/267","59/28409",0.0677966101694915,7.21361010601155,4.65363110548376,0.00231450075322114,0.0227241892134439,0.0181173360395683,"19016/22259/20181/11622",4
"56","AM14 MRLlpr","AM14 MRLlpr","GO:0098531","ligand-activated transcription factor activity","4/267","60/28409",0.0666666666666667,7.09338327091136,4.60218137079646,0.00246175341742455,0.0237383365251653,0.0189258862354632,"19016/22259/20181/11622",4
"57","AM14 MRLlpr","AM14 MRLlpr","GO:0005539","glycosaminoglycan binding","8/267","250/28409",0.032,3.40482397003745,3.72000191539872,0.00263625993522732,0.0249750941232062,0.0199119171469617,"11816/20307/16956/14586/58859/14268/18782/56066",8
"58","AM14 MRLlpr","AM14 MRLlpr","GO:0001221","transcription coregulator binding","6/267","150/28409",0.04,4.25602996254682,3.89452152460256,0.00301969842234998,0.0273366753333883,0.0217947372541049,"19016/20181/11622/14281/59126/16478",6
"59","AM14 MRLlpr","AM14 MRLlpr","GO:0071813","lipoprotein particle binding","3/267","31/28409",0.0967741935483871,10.296846683581,5.04456944085426,0.00303740837037648,0.0273366753333883,0.0217947372541049,"12491/11816/16956",3
"60","AM14 MRLlpr","AM14 MRLlpr","GO:0071814","protein-lipid complex binding","3/267","31/28409",0.0967741935483871,10.296846683581,5.04456944085426,0.00303740837037648,0.0273366753333883,0.0217947372541049,"12491/11816/16956",3
"61","AM14 MRLlpr","AM14 MRLlpr","GO:0038024","cargo receptor activity","4/267","67/28409",0.0597014925373134,6.35228352618928,4.27228037992321,0.00367660474379184,0.0325469928138949,0.0259487720485049,"12491/66102/17533/59289",4
"62","AM14 MRLlpr","AM14 MRLlpr","GO:0019763","immunoglobulin receptor activity","2/267","10/28409",0.2,21.2801498127341,6.24767048653042,0.00376783236815239,0.0328166044968112,0.0261637256124674,"14127/246256",2
"63","AM14 MRLlpr","AM14 MRLlpr","GO:0042974","nuclear retinoic acid receptor binding","3/267","34/28409",0.0882352941176471,9.38830138797092,4.76698769055092,0.0039606941758589,0.0339488072216477,0.027066397960339,"19016/22259/20181",3
"64","AM14 MRLlpr","AM14 MRLlpr","GO:0030547","signaling receptor inhibitor activity","3/267","35/28409",0.0857142857142857,9.12006420545746,4.68200296275123,0.00430223647385539,0.0363001202481548,0.0289410315428759,"100041546/57248/17067",3
"65","AM14 MRLlpr","AM14 MRLlpr","GO:0005041","low-density lipoprotein particle receptor activity","2/267","11/28409",0.181818181818182,19.3455907388492,5.92765128730798,0.00457666263630151,0.0368865346806391,0.0294085627375855,"12491/66102",2
"66","AM14 MRLlpr","AM14 MRLlpr","GO:0042609","CD4 receptor binding","2/267","11/28409",0.181818181818182,19.3455907388492,5.92765128730798,0.00457666263630151,0.0368865346806391,0.0294085627375855,"16818/22038",2
"67","AM14 MRLlpr","AM14 MRLlpr","GO:1990405","protein antigen binding","2/267","11/28409",0.181818181818182,19.3455907388492,5.92765128730798,0.00457666263630151,0.0368865346806391,0.0294085627375855,"16818/19261",2
"68","AM14 MRLlpr","AM14 MRLlpr","GO:0008514","organic anion transmembrane transporter activity","8/267","278/28409",0.0287769784172662,3.0618920593862,3.36507090544765,0.00499098946986368,0.0396343281430351,0.0315992986559481,"20540/12491/20512/76408/50934/101488/66859/18671",8
"69","AM14 MRLlpr","AM14 MRLlpr","GO:0004721","phosphoprotein phosphatase activity","6/267","168/28409",0.0357142857142857,3.80002675227394,3.54548185567971,0.0052444653028234,0.0409355508326942,0.0326367257126158,"16818/19252/19271/13537/70686/72828",6
"70","AM14 MRLlpr","AM14 MRLlpr","GO:0035325","Toll-like receptor binding","2/267","12/28409",0.166666666666667,17.7334581772784,5.64727030832736,0.00545807344435922,0.0409355508326942,0.0326367257126158,"12491/20210",2
"71","AM14 MRLlpr","AM14 MRLlpr","GO:0071714","icosanoid transmembrane transporter activity","2/267","12/28409",0.166666666666667,17.7334581772784,5.64727030832736,0.00545807344435922,0.0409355508326942,0.0326367257126158,"76408/101488",2
"72","AM14 MRLlpr","AM14 MRLlpr","GO:0140776","protein-containing complex destabilizing activity","2/267","12/28409",0.166666666666667,17.7334581772784,5.64727030832736,0.00545807344435922,0.0409355508326942,0.0326367257126158,"15511/193740",2
"73","PL2-3 2DG vs PL2-3","PL2-3 2DG vs PL2-3","GO:0030246","carbohydrate binding","17/296","293/28409",0.0580204778156997,5.56859376441288,8.06588776115265,1.45973858078434e-08,7.8387961788119e-06,6.20773038565129e-06,"17159/18822/56620/16004/68038/14387/18484/17533/13805/14133/20612/26888/83382/140792/140481/12268/108148",17
"74","PL2-3 2DG vs PL2-3","PL2-3 2DG vs PL2-3","GO:0048029","monosaccharide binding","9/296","91/28409",0.0989010989010989,9.49216661716662,8.32569510975369,4.75779380640145e-07,0.000122189400270446,9.67647117695975e-05,"17159/18822/56620/16004/18484/17533/13805/26888/83382",9
"75","PL2-3 2DG vs PL2-3","PL2-3 2DG vs PL2-3","GO:0046978","TAP1 binding","5/296","18/28409",0.277777777777778,26.6600975975976,11.1742092675381,9.10163130506115e-07,0.000122189400270446,9.67647117695975e-05,"21355/21354/15039/110557/14964",5
"76","PL2-3 2DG vs PL2-3","PL2-3 2DG vs PL2-3","GO:0046979","TAP2 binding","5/296","18/28409",0.277777777777778,26.6600975975976,11.1742092675381,9.10163130506115e-07,0.000122189400270446,9.67647117695975e-05,"21355/21354/15039/110557/14964",5
"77","PL2-3 2DG vs PL2-3","PL2-3 2DG vs PL2-3","GO:0043495","protein-membrane adaptor activity","6/296","41/28409",0.146341463414634,14.0453197099539,8.57718712893712,4.02445769825592e-06,0.000389389333392341,0.000308366736627474,"65962/13823/30960/16653/12508/76559",6
"78","PL2-3 2DG vs PL2-3","PL2-3 2DG vs PL2-3","GO:0043395","heparan sulfate proteoglycan binding","5/296","25/28409",0.2,19.1952702702703,9.33908450319229,5.31625083036741e-06,0.000389389333392341,0.000308366736627474,"19280/12628/16409/18782/11603",5
"79","PL2-3 2DG vs PL2-3","PL2-3 2DG vs PL2-3","GO:0005178","integrin binding","10/296","155/28409",0.0645161290322581,6.19202266782912,6.65081775383026,5.62388242895909e-06,0.000389389333392341,0.000308366736627474,"17387/16000/12304/14268/22329/12557/21894/16409/104099/381924",10
"80","PL2-3 2DG vs PL2-3","PL2-3 2DG vs PL2-3","GO:0043394","proteoglycan binding","6/296","44/28409",0.136363636363636,13.0876842751843,8.23361661803481,6.15464964878081e-06,0.000389389333392341,0.000308366736627474,"19280/14268/12628/16409/18782/11603",6
"81","PL2-3 2DG vs PL2-3","PL2-3 2DG vs PL2-3","GO:0046977","TAP binding","5/296","26/28409",0.192307692307692,18.4569906444906,9.13775465883169,6.52607821327946e-06,0.000389389333392341,0.000308366736627474,"21355/21354/15039/110557/14964",5
"82","PL2-3 2DG vs PL2-3","PL2-3 2DG vs PL2-3","GO:0005537","D-mannose binding","5/296","33/28409",0.151515151515152,14.5418714168714,7.98679719692151,2.21817094026638e-05,0.00119115779492304,0.000943306378808017,"17159/56620/16004/17533/26888",5
"83","PL2-3 2DG vs PL2-3","PL2-3 2DG vs PL2-3","GO:0050839","cell adhesion molecule binding","13/296","310/28409",0.0419354838709677,4.02481473408893,5.4947353967864,2.53642902194824e-05,0.00123823853162382,0.000980590741499606,"17387/16000/12304/14268/22329/12557/21894/16409/54725/268663/21810/104099/381924",13
"84","PL2-3 2DG vs PL2-3","PL2-3 2DG vs PL2-3","GO:0042287","MHC protein binding","6/296","61/28409",0.0983606557377049,9.44029685423128,6.77133056481689,4.17381568983195e-05,0.0018677825211998,0.00147914170060711,"21355/71779/21354/15039/110557/14964",6
"85","PL2-3 2DG vs PL2-3","PL2-3 2DG vs PL2-3","GO:0005539","glycosaminoglycan binding","11/296","250/28409",0.044,4.22295945945946,5.25204963779263,6.91731435751465e-05,0.00282464998780255,0.00223690795858518,"72043/19280/14586/14268/12628/13805/16409/75612/18782/11603/20564",11
"86","PL2-3 2DG vs PL2-3","PL2-3 2DG vs PL2-3","GO:0042288","MHC class I protein binding","5/296","42/28409",0.119047619047619,11.4257561132561,6.93806063646397,7.36407818049081e-05,0.00282464998780255,0.00223690795858518,"21355/21354/15039/110557/14964",5
"87","PL2-3 2DG vs PL2-3","PL2-3 2DG vs PL2-3","GO:0140359","ABC-type transporter activity","5/296","48/28409",0.104166666666667,9.9975365990991,6.4017109284764,0.000140862766982016,0.00504288705795618,0.00399358300777085,"76408/27410/21355/239273/21354",5
"88","PL2-3 2DG vs PL2-3","PL2-3 2DG vs PL2-3","GO:0019955","cytokine binding","8/296","146/28409",0.0547945205479452,5.25897815623843,5.29401661709164,0.000153798628743842,0.00516186647721521,0.00408780565871792,"16160/12978/21934/13805/12771/17965/11603/12767",8
"89","PL2-3 2DG vs PL2-3","PL2-3 2DG vs PL2-3","GO:0071714","icosanoid transmembrane transporter activity","3/296","12/28409",0.25,23.9940878378378,8.17491352254424,0.000229756030078642,0.00725576585335547,0.00574601471088035,"76408/101488/239273",3
"90","PL2-3 2DG vs PL2-3","PL2-3 2DG vs PL2-3","GO:0022804","active transmembrane transporter activity","14/296","441/28409",0.0317460317460317,3.0468682968683,4.44519766523775,0.000243210028604094,0.00725576585335547,0.00574601471088035,"20498/76408/27410/21355/212980/12557/101488/209837/239273/73822/26373/102680/21354/432628",14
"91","PL2-3 2DG vs PL2-3","PL2-3 2DG vs PL2-3","GO:0051087","protein-folding chaperone binding","8/296","166/28409",0.0481927710843374,4.62536633018561,4.80687818984587,0.000367995390916729,0.0100502355464379,0.00795902217144156,"20617/67397/14824/20737/21819/15039/110557/14964",8
"92","PL2-3 2DG vs PL2-3","PL2-3 2DG vs PL2-3","GO:0004559","alpha-mannosidase activity","3/296","14/28409",0.214285714285714,20.566361003861,7.51390556098266,0.000374310448656905,0.0100502355464379,0.00795902217144156,"17159/227619/140481",3
"93","PL2-3 2DG vs PL2-3","PL2-3 2DG vs PL2-3","GO:0043027","cysteine-type endopeptidase inhibitor activity involved in apoptotic process","4/296","34/28409",0.117647058823529,11.2913354531002,6.16106579692801,0.000418604730839467,0.0107043209743235,0.00847700808316515,"20111/50930/20706/20617",4
"94","PL2-3 2DG vs PL2-3","PL2-3 2DG vs PL2-3","GO:0015923","mannosidase activity","3/296","15/28409",0.2,19.1952702702703,7.23274977290106,0.000464288228205801,0.0112751541035128,0.00892906450616323,"17159/227619/140481",3
"95","PL2-3 2DG vs PL2-3","PL2-3 2DG vs PL2-3","GO:0043177","organic acid binding","9/296","217/28409",0.0414746543778802,3.98058600074729,4.52252701489013,0.0004829209392566,0.0112751541035128,0.00892906450616323,"18822/14586/16004/20617/18484/83382/11603/15129/15122",9
"96","PL2-3 2DG vs PL2-3","PL2-3 2DG vs PL2-3","GO:0038187","pattern recognition receptor activity","5/296","63/28409",0.0793650793650794,7.61717074217074,5.39522191957508,0.000509192311791835,0.0113931779763423,0.00902253043701322,"56620/14133/26888/140792/637515",5
"97","PL2-3 2DG vs PL2-3","PL2-3 2DG vs PL2-3","GO:0008559","ABC-type xenobiotic transporter activity","3/296","16/28409",0.1875,17.9955658783784,6.97754375026127,0.000567037410716065,0.0121799635821811,0.00964560479702274,"76408/27410/239273",3
"98","PL2-3 2DG vs PL2-3","PL2-3 2DG vs PL2-3","GO:0038024","cargo receptor activity","5/296","67/28409",0.0746268656716418,7.16241427995159,5.18185951407943,0.000676361281788214,0.013969461858472,0.0110627513296534,"93671/17533/16409/19039/140792",5
"99","PL2-3 2DG vs PL2-3","PL2-3 2DG vs PL2-3","GO:0005201","extracellular matrix structural constituent","7/296","142/28409",0.0492957746478873,4.73122858774267,4.57371140591431,0.000745549327148381,0.01482814772884,0.0117427652307191,"17181/76737/14268/94242/21810/233744/11603",7
"100","PL2-3 2DG vs PL2-3","PL2-3 2DG vs PL2-3","GO:0003756","protein disulfide isomerase activity","3/296","18/28409",0.166666666666667,15.9960585585586,6.53033745815826,0.000813605320168889,0.0150657261010584,0.0119309092322407,"76737/12304/105245",3
"101","PL2-3 2DG vs PL2-3","PL2-3 2DG vs PL2-3","GO:0016864","intramolecular oxidoreductase activity, transposing S-S bonds","3/296","18/28409",0.166666666666667,15.9960585585586,6.53033745815826,0.000813605320168889,0.0150657261010584,0.0119309092322407,"76737/12304/105245",3
"102","PL2-3 2DG vs PL2-3","PL2-3 2DG vs PL2-3","GO:0042610","CD8 receptor binding","3/296","19/28409",0.157894736842105,15.1541607396871,6.33272773097449,0.000958737975417321,0.0171614097599701,0.0135905313006526,"15039/110557/14964",3
"103","PL2-3 2DG vs PL2-3","PL2-3 2DG vs PL2-3","GO:0015175","neutral L-amino acid transmembrane transporter activity","4/296","43/28409",0.0930232558139535,8.92803268384664,5.33842565904414,0.00103501027129973,0.0179290488931599,0.0141984431105294,"72401/209837/73822/102680",4
"104","PL2-3 2DG vs PL2-3","PL2-3 2DG vs PL2-3","GO:0046943","carboxylic acid transmembrane transporter activity","8/296","196/28409",0.0408163265306122,3.91740209597352,4.20544813000374,0.00109300066199508,0.018341917359105,0.0145254035344083,"76408/72401/101488/209837/239273/73822/102680/72055",8
"105","PL2-3 2DG vs PL2-3","PL2-3 2DG vs PL2-3","GO:0005342","organic acid transmembrane transporter activity","8/296","197/28409",0.0406091370558376,3.89751680614625,4.18749911254022,0.00112919125598028,0.0183750213473155,0.0145516193753121,"76408/72401/101488/209837/239273/73822/102680/72055",8
"106","PL2-3 2DG vs PL2-3","PL2-3 2DG vs PL2-3","GO:0036122","BMP binding","3/296","21/28409",0.142857142857143,13.7109073359073,5.97903906053386,0.00129580008142095,0.0204660189330309,0.0162075304301568,"13805/17965/11603",3
"107","PL2-3 2DG vs PL2-3","PL2-3 2DG vs PL2-3","GO:0042277","peptide binding","10/296","303/28409",0.033003300330033,3.16753634822942,3.892250393515,0.00138416903059362,0.0212371076979649,0.0168181740860097,"18822/21355/64294/13809/13482/21354/15039/15122/110557/14964",10
"108","PL2-3 2DG vs PL2-3","PL2-3 2DG vs PL2-3","GO:0042605","peptide antigen binding","5/296","79/28409",0.0632911392405063,6.07445261717414,4.63438434977007,0.00142636538212602,0.0212766169500465,0.0168494624087402,"21355/21354/15039/110557/14964",5
"109","PL2-3 2DG vs PL2-3","PL2-3 2DG vs PL2-3","GO:1901681","sulfur compound binding","10/296","306/28409",0.0326797385620915,3.1364820703056,3.85563765401584,0.00148890094997508,0.0216091840577464,0.0171128302642939,"19280/14586/11656/14268/12628/16409/75612/18782/11603/20564",10
"110","PL2-3 2DG vs PL2-3","PL2-3 2DG vs PL2-3","GO:0001846","opsonin binding","3/296","23/28409",0.130434782608696,12.5186545240893,5.67056274727648,0.00169911202713078,0.0240111357518218,0.0190149933230148,"12628/16409/12268",3
"111","PL2-3 2DG vs PL2-3","PL2-3 2DG vs PL2-3","GO:0015101","organic cation transmembrane transporter activity","5/296","84/28409",0.0595238095238095,5.71287805662806,4.43867631092732,0.00187328315683529,0.0257936680825782,0.0204266233565845,"19743/72401/209837/73822/102680",5
"112","PL2-3 2DG vs PL2-3","PL2-3 2DG vs PL2-3","GO:0015125","bile acid transmembrane transporter activity","3/296","24/28409",0.125,11.9970439189189,5.53031310338328,0.00192697063021933,0.0258695807106945,0.020486740384437,"76408/101488/239273",3
"113","PL2-3 2DG vs PL2-3","PL2-3 2DG vs PL2-3","GO:0005044","scavenger receptor activity","3/296","25/28409",0.12,11.5171621621622,5.39814274299043,0.00217297779320734,0.028460709145179,0.0225387170335241,"93671/19039/140792",3
"114","PL2-3 2DG vs PL2-3","PL2-3 2DG vs PL2-3","GO:0030548","acetylcholine receptor regulator activity","3/296","26/28409",0.115384615384615,11.0741943866944,5.27327524919337,0.00243761659827114,0.0309788068503125,0.0245328588993948,"17069/23936/11603",3
"115","PL2-3 2DG vs PL2-3","PL2-3 2DG vs PL2-3","GO:0005319","lipid transporter activity","7/296","175/28409",0.04,3.83905405405405,3.86561919712085,0.0024806120941591,0.0309788068503125,0.0245328588993948,"76408/27410/101488/239273/432628/76559/54667",7
"116","PL2-3 2DG vs PL2-3","PL2-3 2DG vs PL2-3","GO:1901618","organic hydroxy compound transmembrane transporter activity","4/296","55/28409",0.0727272727272727,6.98009828009828,4.55507033780353,0.00259429173695448,0.0316621514260126,0.0250740158308519,"11826/76408/101488/239273",4
"117","PL2-3 2DG vs PL2-3","PL2-3 2DG vs PL2-3","GO:0099602","neurotransmitter receptor regulator activity","3/296","27/28409",0.111111111111111,10.664039039039,5.15503536204741,0.0027213490920325,0.0324747658315878,0.0257175446358159,"17069/23936/11603",3
"118","PL2-3 2DG vs PL2-3","PL2-3 2DG vs PL2-3","GO:0030881","beta-2-microglobulin binding","3/296","28/28409",0.107142857142857,10.2831805019305,5.04283261080671,0.00302461676092983,0.0353091130569417,0.027962132069008,"15039/110557/14964",3
"119","PL2-3 2DG vs PL2-3","PL2-3 2DG vs PL2-3","GO:0016887","ATP hydrolysis activity","11/296","396/28409",0.0277777777777778,2.66600975975976,3.42576771708286,0.00313538652529004,0.0358234588102288,0.0283694547864989,"320632/170472/76408/16553/27410/21355/11647/239273/21354/54667/637515",11
"120","PL2-3 2DG vs PL2-3","PL2-3 2DG vs PL2-3","GO:0004620","phospholipase activity","5/296","95/28409",0.0526315789473684,5.05138691322902,4.05861165853732,0.00320534524032316,0.0358597998761153,0.0283982341467227,"15368/18797/18805/18782/104759",5
"121","PL2-3 2DG vs PL2-3","PL2-3 2DG vs PL2-3","GO:0001848","complement binding","3/296","29/28409",0.103448275862069,9.92858807082945,4.93614807347863,0.0033478409980978,0.0366896044077249,0.0290553762240926,"12628/16409/12268",3
"122","PL2-3 2DG vs PL2-3","PL2-3 2DG vs PL2-3","GO:0005096","GTPase activator activity","8/296","238/28409",0.0336134453781513,3.2260958437429,3.53870039374348,0.00365440854308608,0.0373636281541912,0.0295891517677021,"216991/74018/71729/19415/236920/66251/347722/50780",8
"123","PL2-3 2DG vs PL2-3","PL2-3 2DG vs PL2-3","GO:0004553","hydrolase activity, hydrolyzing O-glycosyl compounds","5/296","98/28409",0.0510204081632653,4.89675261996691,3.96506999164924,0.0036635578887315,0.0373636281541912,0.0295891517677021,"17159/15211/14387/227619/140481",5
"124","PL2-3 2DG vs PL2-3","PL2-3 2DG vs PL2-3","GO:0004896","cytokine receptor activity","5/296","98/28409",0.0510204081632653,4.89675261996691,3.96506999164924,0.0036635578887315,0.0373636281541912,0.0295891517677021,"16160/13857/14586/12771/12767",5
"125","PL2-3 2DG vs PL2-3","PL2-3 2DG vs PL2-3","GO:0140375","immune receptor activity","6/296","141/28409",0.0425531914893617,4.08410005750431,3.76706456088217,0.00368765789976189,0.0373636281541912,0.0295891517677021,"16160/13857/14586/12771/12767/232801",6
"126","PL2-3 2DG vs PL2-3","PL2-3 2DG vs PL2-3","GO:0015291","secondary active transmembrane transporter activity","9/296","294/28409",0.0306122448979592,2.93805157198014,3.42754006247452,0.00389705533768869,0.0387540503025709,0.0306902603591858,"20498/212980/12557/101488/209837/73822/26373/102680/432628",9
"127","PL2-3 2DG vs PL2-3","PL2-3 2DG vs PL2-3","GO:0043028","cysteine-type endopeptidase regulator activity involved in apoptotic process","4/296","62/28409",0.0645161290322581,6.19202266782912,4.19944078368004,0.00400920493870817,0.0391444191288416,0.0309994027796766,"20111/50930/20706/20617",4
"128","PL2-3 2DG vs PL2-3","PL2-3 2DG vs PL2-3","GO:0043236","laminin binding","3/296","32/28409",0.09375,8.99778293918919,4.64487414515642,0.00444117522251998,0.0412352768607358,0.0326552030809317,"94242/104099/11603",3
"129","PL2-3 2DG vs PL2-3","PL2-3 2DG vs PL2-3","GO:0004601","peroxidase activity","4/296","64/28409",0.0625,5.99852195945946,4.10776839928465,0.00449308077296898,0.0412352768607358,0.0326552030809317,"14778/19224/15129/15122",4
"130","PL2-3 2DG vs PL2-3","PL2-3 2DG vs PL2-3","GO:0015171","amino acid transmembrane transporter activity","5/296","103/28409",0.0485436893203883,4.65904618210443,3.81733119159972,0.0045287849747808,0.0412352768607358,0.0326552030809317,"72401/209837/73822/102680/72055",5
"131","PL2-3 2DG vs PL2-3","PL2-3 2DG vs PL2-3","GO:0035374","chondroitin sulfate binding","2/296","10/28409",0.2,19.1952702702703,5.90499556737675,0.00460729350399283,0.0412352768607358,0.0326552030809317,"19280/11603",2
"132","PL2-3 2DG vs PL2-3","PL2-3 2DG vs PL2-3","GO:0062061","TAP complex binding","2/296","10/28409",0.2,19.1952702702703,5.90499556737675,0.00460729350399283,0.0412352768607358,0.0326552030809317,"110557/14964",2
"133","PL2-3 2DG vs PL2-3","PL2-3 2DG vs PL2-3","GO:0042910","xenobiotic transmembrane transporter activity","3/296","33/28409",0.0909090909090909,8.72512285012285,4.55616418336143,0.0048480536744601,0.042678767593198,0.0337983379548211,"76408/27410/239273",3
"134","PL2-3 2DG vs PL2-3","PL2-3 2DG vs PL2-3","GO:0016684","oxidoreductase activity, acting on peroxide as acceptor","4/296","66/28409",0.0606060606060606,5.81674856674857,4.01990347548785,0.00501480255241482,0.0434346608168832,0.034396947897718,"14778/19224/15129/15122",4
"135","PL2-3 2DG vs PL2-3","PL2-3 2DG vs PL2-3","GO:0031406","carboxylic acid binding","7/296","201/28409",0.0348258706467662,3.34245999731074,3.41976807125042,0.00529738886863331,0.0451539336897791,0.0357584812519274,"18822/14586/16004/20617/18484/83382/11603",7
"136","PL2-3 2DG vs PL2-3","PL2-3 2DG vs PL2-3","GO:0050840","extracellular matrix binding","4/296","68/28409",0.0588235294117647,5.64566772655008,3.93556966668158,0.0055756567729672,0.0460696816991336,0.0364836840271489,"94242/21810/104099/11603",4
"137","PL2-3 2DG vs PL2-3","PL2-3 2DG vs PL2-3","GO:0015132","prostaglandin transmembrane transporter activity","2/296","11/28409",0.181818181818182,17.4502457002457,5.59934778332317,0.00559254648150179,0.0460696816991336,0.0364836840271489,"101488/239273",2
"138","PL2-3 2DG vs PL2-3","PL2-3 2DG vs PL2-3","GO:0042608","T cell receptor binding","3/296","35/28409",0.0857142857142857,8.2265444015444,4.38951971836689,0.00572745444951936,0.0460696816991336,0.0364836840271489,"15039/110557/14964",3
"139","PL2-3 2DG vs PL2-3","PL2-3 2DG vs PL2-3","GO:0042626","ATPase-coupled transmembrane transporter activity","5/296","109/28409",0.0458715596330275,4.40258492437392,3.65209102643186,0.00574798635724759,0.0460696816991336,0.0364836840271489,"76408/27410/21355/239273/21354",5
"140","PL2-3 2DG vs PL2-3","PL2-3 2DG vs PL2-3","GO:0030695","GTPase regulator activity","11/296","433/28409",0.0254041570438799,2.43819830222832,3.09444308404013,0.00606782386104239,0.0472234987446343,0.0373974193724047,"319939/216991/74760/74018/71729/19415/18220/236920/66251/347722/50780",11
"141","PL2-3 2DG vs PL2-3","PL2-3 2DG vs PL2-3","GO:0060589","nucleoside-triphosphatase regulator activity","11/296","433/28409",0.0254041570438799,2.43819830222832,3.09444308404013,0.00606782386104239,0.0472234987446343,0.0373974193724047,"319939/216991/74760/74018/71729/19415/18220/236920/66251/347722/50780",11
"142","PL2-3 2DG vs PL2-3","PL2-3 2DG vs PL2-3","GO:0015179","L-amino acid transmembrane transporter activity","4/296","71/28409",0.0563380281690141,5.40711838599163,3.81515232252023,0.00649303332377296,0.0498108413552297,0.0394463979369064,"72401/209837/102680/72055",4
"143","R848 2DG vs R848","R848 2DG vs R848","GO:0016917","GABA receptor activity","1/1","22/28409",0.0454545454545455,1291.31818181818,35.9209991762226,0.000774402478088132,0.000774402478088132,NA,"239845",1
